accession,position,ref_aa,alt_aa,cardioboost_score
P08590,2,A,P,0.01516
P08590,2,A,S,0.00242
P08590,10,K,N,0.00331
P08590,12,D,E,0.00558
P08590,21,P,A,0.00412
P08590,21,P,S,0.00261
P08590,22,A,S,0.00095
P08590,22,A,T,0.00185
P08590,31,R,H,0.00694
P08590,49,E,D,0.00375
P08590,56,E,G,0.83207
P08590,60,L,V,0.46167
P08590,74,G,R,0.00113
P08590,79,V,I,0.01377
P08590,81,R,W,0.81679
P08590,94,R,H,0.91235
P08590,128,G,A,0.03563
P08590,128,G,D,0.02536
P08590,138,R,W,0.93294
P08590,143,E,K,0.91331
P08590,145,N,K,0.73241
P08590,149,M,I,0.59179
P08590,149,M,T,0.88839
P08590,149,M,V,0.95211
P08590,151,A,T,0.18666
P08590,152,E,K,0.99141
P08590,154,R,C,0.89064
P08590,154,R,H,0.91201
P08590,155,H,D,0.9794
P08590,155,H,Q,0.3427
P08590,156,V,L,0.17636
P08590,156,V,M,0.91285
P08590,173,M,K,0.53462
P08590,173,M,T,0.42693
P08590,177,E,G,0.9848
P08590,178,D,N,0.11167
