accession,position,ref_aa,alt_aa,cardioboost_score
P09493,8,M,K,0.98638
P09493,8,M,R,0.99257
P09493,14,D,Y,0.99234
P09493,15,K,N,0.98952
P09493,16,E,K,0.99844
P09493,16,E,Q,0.99526
P09493,17,N,K,0.97967
P09493,21,R,L,0.48069
P09493,22,A,T,0.99406
P09493,35,R,G,0.56767
P09493,35,R,S,0.56013
P09493,84,D,A,0.7883
P09493,84,D,E,0.04963
P09493,84,D,G,0.63663
P09493,84,D,N,0.96399
P09493,84,D,V,0.85196
P09493,86,A,G,0.91728
P09493,86,A,T,0.84598
P09493,86,A,V,0.71261
P09493,92,I,M,0.99131
P09493,92,I,T,0.99787
P09493,95,V,A,0.97347
P09493,97,E,Q,0.92336
P09493,98,E,K,0.99309
P09493,98,E,Q,0.98764
P09493,113,L,V,0.98954
P09493,114,E,G,0.83195
P09493,115,E,K,0.99701
P09493,130,I,T,0.99073
P09493,130,I,V,0.78575
P09493,136,K,N,0.86898
P09493,137,D,G,0.75149
P09493,137,D,V,0.96269
P09493,138,E,A,0.98918
P09493,138,E,G,0.95834
P09493,138,E,K,0.99766
P09493,139,E,G,0.98611
P09493,139,E,V,0.97339
P09493,141,M,I,0.95041
P09493,143,I,N,0.14098
P09493,143,I,S,0.05199
P09493,146,I,M,0.20942
P09493,154,I,V,0.5771
P09493,159,D,N,0.96867
P09493,160,R,H,0.97251
P09493,166,A,T,0.99369
P09493,171,I,M,0.55697
P09493,172,I,T,0.90086
P09493,173,E,D,0.80968
P09493,174,S,R,0.42304
P09493,175,D,N,0.99688
P09493,178,R,H,0.95315
P09493,180,E,G,0.95187
P09493,180,E,K,0.99258
P09493,180,E,Q,0.95697
P09493,180,E,V,0.98811
P09493,183,A,V,0.96372
P09493,187,E,Q,0.99278
P09493,187,E,V,0.98936
P09493,192,E,K,0.95503
P09493,198,K,E,0.63209
P09493,200,V,L,0.0806
P09493,201,T,M,0.27253
P09493,203,N,D,0.54797
P09493,206,S,A,0.02797
P09493,209,A,P,0.97094
P09493,209,A,S,0.62682
P09493,209,A,T,0.86544
P09493,210,Q,H,0.0674
P09493,215,S,L,0.96183
P09493,226,K,N,0.90921
P09493,229,S,F,0.4036
P09493,230,D,N,0.96602
P09493,237,T,S,0.91897
P09493,238,R,W,0.99478
P09493,242,A,V,0.99672
P09493,248,K,E,0.982
P09493,248,K,T,0.93237
P09493,250,E,V,0.97849
