accession,position,ref_aa,alt_aa,cardioboost_score
P10916,2,A,S,0.00829
P10916,2,A,T,0.0153
P10916,13,A,T,0.4299
P10916,14,N,K,0.71004
P10916,18,F,L,0.99207
P10916,18,F,S,0.945
P10916,22,E,K,0.84217
P10916,22,E,Q,0.72812
P10916,27,Q,R,0.9951
P10916,35,I,V,0.30281
P10916,45,D,E,0.16786
P10916,47,N,K,0.08958
P10916,55,A,P,0.47659
P10916,55,A,S,0.01612
P10916,58,R,L,0.9079
P10916,58,R,Q,0.97737
P10916,60,N,K,0.95841
P10916,65,E,K,0.98686
P10916,72,E,D,0.68239
P10916,80,T,N,0.99709
P10916,86,F,L,0.99097
P10916,87,G,A,0.99131
P10916,87,G,E,0.99006
P10916,93,A,E,0.40628
P10916,93,A,V,0.35686
P10916,95,P,A,0.1237
P10916,95,P,S,0.21412
P10916,96,E,K,0.98396
P10916,100,L,V,0.4505
P10916,103,F,C,0.99888
P10916,119,V,I,0.00371
P10916,120,R,L,0.04756
P10916,120,R,Q,0.08328
P10916,126,Q,E,0.85368
P10916,128,E,D,0.05183
P10916,134,E,A,0.98883
P10916,139,F,L,0.94677
P10916,140,A,T,0.00137
P10916,145,D,E,0.99202
P10916,146,V,M,0.2378
P10916,150,L,F,0.88733
P10916,158,I,T,0.48521
P10916,161,H,Q,0.99379
P10916,161,H,R,0.99872
P10916,162,G,E,0.99571
P10916,162,G,R,0.99763
P10916,163,E,A,0.89895
P10916,163,E,G,0.87103
P10916,166,D,A,0.61781
P10916,166,D,H,0.67885
P10916,166,D,N,0.84634
P10916,166,D,V,0.6794
P10916,166,D,Y,0.63655
