accession,position,ref_aa,alt_aa,cardioboost_score
P68032,3,D,E,0.01624
P68032,4,D,E,0.01515
P68032,10,L,M,0.98459
P68032,23,F,L,0.65921
P68032,26,D,N,0.45826
P68032,39,R,H,0.62144
P68032,50,G,S,0.70194
P68032,52,K,T,0.9867
P68032,90,H,Y,0.9804
P68032,91,T,N,0.9909
P68032,94,N,S,0.73081
P68032,97,R,C,0.96922
P68032,101,E,K,0.99229
P68032,103,H,Q,0.78717
P68032,104,P,S,0.98982
P68032,104,P,T,0.99783
P68032,115,K,R,0.66931
P68032,125,M,I,0.99178
P68032,125,M,V,0.99448
P68032,128,T,A,0.8695
P68032,128,T,I,0.99659
P68032,128,T,N,0.87464
P68032,128,T,P,0.99685
P68032,166,P,A,0.99878
P68032,166,P,S,0.99884
P68032,167,I,M,0.99609
P68032,168,Y,C,0.9781
P68032,185,R,Q,0.98381
P68032,185,R,W,0.9807
P68032,194,I,N,0.28668
P68032,212,R,H,0.97849
P68032,212,R,P,0.99099
P68032,213,D,E,0.73507
P68032,218,L,M,0.49158
P68032,222,A,S,0.6643
P68032,222,A,T,0.92138
P68032,227,N,K,0.03944
P68032,239,E,Q,0.97871
P68032,242,Y,C,0.99489
P68032,247,G,D,0.99679
P68032,252,I,M,0.94539
P68032,256,R,C,0.98823
P68032,265,Q,E,0.76459
P68032,269,I,T,0.80327
P68032,271,M,T,0.55925
P68032,271,M,V,0.86638
P68032,289,I,T,0.31538
P68032,297,A,S,0.00452
P68032,298,N,K,0.95029
P68032,301,L,F,0.97982
P68032,307,M,L,0.63325
P68032,314,R,C,0.99194
P68032,314,R,H,0.99357
P68032,317,K,N,0.66332
P68032,318,E,K,0.99694
P68032,323,A,V,0.97592
P68032,329,I,T,0.88232
P68032,333,A,P,0.99482
P68032,333,A,S,0.77215
P68032,333,A,V,0.97956
P68032,361,K,N,0.92737
P68032,363,E,G,0.9983
P68032,366,E,D,0.95511
P68032,374,R,H,0.34398
